Trial,Duration,Number of bumps into walls,Median,1st Quartile,3rd Quartile
1,29.251998901367188,3.0,67.094192981719971,48.173095941543579,98.169991970062256
2,67.094192981719971,8.0
3,129.24579095840454,72.0
