Trial,Duration,Number of bumps into walls,Median,1st Quartile,3rd Quartile
1,50.884710073471069,0,61.032327890396118,55.958518981933594,66.07512903213501
2,61.032327890396118,0
3,71.117930173873901,32
